City_ID,City,Country,Date,Lat,Lng,Max Temp,Humidity,Cloudiness,Wind Speed
0,Nelson Bay,AU,2021-07-22 06:43:32,-32.7167,152.15,60.85,69,56,10.13
1,Provideniya,RU,2021-07-22 06:43:33,64.3833,-173.3,50.11,66,75,11.18
2,Chuy,UY,2021-07-22 06:43:33,-33.6971,-53.4616,45.19,78,100,4.72
3,Boda,CF,2021-07-22 06:43:33,4.3189,17.4695,73.27,81,100,4.47
4,Bluff,NZ,2021-07-22 06:43:34,-46.6,168.3333,46.8,67,8,9.93
5,Caravelas,BR,2021-07-22 06:43:34,-17.7125,-39.2481,66.88,84,22,1.83
6,Punta Arenas,CL,2021-07-22 06:43:35,-53.15,-70.9167,35.71,93,75,5.75
7,Lagoa,PT,2021-07-22 06:43:35,39.05,-27.9833,66.94,75,76,16.11
8,Navahrudak,BY,2021-07-22 06:43:36,53.6,25.8333,62.47,60,0,6.22
9,Cape Town,ZA,2021-07-22 06:42:17,-33.9258,18.4232,45.88,93,75,1.01
10,Thompson,CA,2021-07-22 06:43:37,55.7435,-97.8558,64.56,77,90,2.3
11,Ballina,AU,2021-07-22 06:40:13,-28.8667,153.5667,64.58,63,26,6.91
12,Bambous Virieux,MU,2021-07-22 06:43:38,-20.3428,57.7575,75.22,56,20,16.11
13,Lleida,ES,2021-07-22 06:43:38,41.6167,0.6167,79.0,47,0,11.5
14,Balabac,PH,2021-07-22 06:43:39,7.9868,117.0645,85.87,71,46,16.55
15,Mataura,NZ,2021-07-22 06:43:39,-46.1927,168.8643,46.47,96,33,2.62
16,Kruisfontein,ZA,2021-07-22 06:43:40,-34.0033,24.7314,42.89,73,100,25.28
17,Ushuaia,AR,2021-07-22 06:43:40,-54.8,-68.3,37.06,87,0,4.61
18,Lebu,CL,2021-07-22 06:43:41,-37.6167,-73.65,49.12,91,100,4.0
19,Njeru,UG,2021-07-22 06:43:41,0.4186,33.1731,75.34,57,10,2.44
20,Waipawa,NZ,2021-07-22 06:43:42,-41.4122,175.5153,48.83,92,100,10.78
21,Pevek,RU,2021-07-22 06:43:42,69.7008,170.3133,45.59,61,10,7.54
22,Saint-Philippe,RE,2021-07-22 06:43:43,-21.3585,55.7679,76.59,69,37,14.92
23,Albany,US,2021-07-22 06:42:47,42.6001,-73.9662,59.81,95,2,4.12
24,Tigil,RU,2021-07-22 06:43:43,57.8,158.6667,67.33,65,100,7.74
25,Hilo,US,2021-07-22 06:41:06,19.7297,-155.09,74.93,82,20,3.44
26,Vaini,TO,2021-07-22 06:43:44,-21.2,-175.2,73.56,88,40,4.61
27,Port Alfred,ZA,2021-07-22 06:43:45,-33.5906,26.891,47.25,83,100,28.25
28,Belize,BZ,2021-07-22 06:43:45,17.25,-88.75,82.24,99,100,2.91
29,Rikitea,PF,2021-07-22 06:43:46,-23.1203,-134.9692,72.3,70,0,16.08
30,Tres Picos,MX,2021-07-22 06:43:46,15.8667,-93.5333,79.74,74,94,4.72
31,Bulgan,MN,2021-07-22 06:43:47,48.8125,103.5347,78.22,47,0,4.94
32,Worland,US,2021-07-22 06:43:47,44.0169,-107.9554,80.6,40,1,0.0
33,Sisimiut,GL,2021-07-22 06:43:48,66.9395,-53.6735,43.02,82,100,5.66
34,Beringovskiy,RU,2021-07-22 06:43:48,63.05,179.3167,55.18,67,47,5.93
35,Vuktyl,RU,2021-07-22 06:43:49,63.8567,57.3094,60.53,36,9,6.24
36,San Patricio,US,2021-07-22 06:43:49,28.017,-97.5169,82.26,69,25,5.82
37,Helena,US,2021-07-22 06:39:13,46.5927,-112.0361,68.99,58,1,1.99
38,Moerai,PF,2021-07-22 06:43:50,-22.4333,-151.3333,73.71,70,0,7.65
39,Ban Dung,TH,2021-07-22 06:43:51,17.699,103.2596,87.82,95,100,7.99
40,Bathsheba,BB,2021-07-22 06:43:51,13.2167,-59.5167,81.21,83,40,18.41
41,Hermanus,ZA,2021-07-22 06:43:52,-34.4187,19.2345,44.91,68,100,9.89
42,Palmer,US,2021-07-22 06:43:52,42.1584,-72.3287,64.02,90,1,0.0
43,Westport,US,2021-07-22 06:43:53,41.1415,-73.3579,69.98,83,1,1.99
44,Cabo San Lucas,MX,2021-07-22 06:40:20,22.8909,-109.9124,84.81,72,0,6.8
45,Kodiak,US,2021-07-22 06:43:53,57.79,-152.4072,53.26,95,100,7.72
46,Verkhnyaya Inta,RU,2021-07-22 06:43:54,65.9811,60.3094,51.94,56,97,14.92
47,Ullapool,GB,2021-07-22 06:43:54,57.8987,-5.1604,60.76,81,11,2.8
48,Dossor,KZ,2021-07-22 06:43:55,47.5272,52.9811,102.07,16,4,6.89
49,Barrow,US,2021-07-22 06:43:55,71.2906,-156.7887,37.42,87,90,18.41
50,Taltal,CL,2021-07-22 06:43:56,-25.4,-70.4833,57.69,66,14,2.82
51,Bredasdorp,ZA,2021-07-22 06:43:56,-34.5322,20.0403,42.12,87,40,5.75
52,Torbay,CA,2021-07-22 06:43:57,47.6666,-52.7314,49.75,99,90,10.36
53,Atuona,PF,2021-07-22 06:43:57,-9.8,-139.0333,77.54,68,100,14.99
54,Yeppoon,AU,2021-07-22 06:43:58,-23.1333,150.7333,65.98,59,0,6.31
55,Norman Wells,CA,2021-07-22 06:43:58,65.282,-126.8329,62.64,72,75,6.91
56,Launceston,AU,2021-07-22 06:43:59,-41.45,147.1667,50.61,90,90,1.99
57,Nanortalik,GL,2021-07-22 06:43:59,60.1432,-45.2371,41.68,94,57,12.68
58,East London,ZA,2021-07-22 06:44:00,-33.0153,27.9116,50.94,50,20,28.77
59,Dhidhdhoo,MV,2021-07-22 06:44:00,6.8833,73.1,82.71,78,99,20.62
60,Dukat,RU,2021-07-22 06:44:01,62.55,155.55,54.99,92,100,5.55
61,Saint-Pierre,RE,2021-07-22 06:44:01,-21.3393,55.4781,76.68,54,0,4.61
62,Deep River,CA,2021-07-22 06:44:01,46.1001,-77.4995,53.94,79,11,4.65
63,Puerto Baquerizo Moreno,EC,2021-07-22 06:42:43,-0.9,-89.6,72.03,88,100,13.6
64,Heishan,CN,2021-07-22 06:44:02,41.6892,122.1128,88.0,56,100,9.89
65,Leh,IN,2021-07-22 06:44:03,34.1667,77.5833,65.82,38,98,6.06
66,Bethel,US,2021-07-22 06:44:03,41.3712,-73.414,67.5,85,0,7.0
67,Constitucion,CL,2021-07-22 06:44:04,-35.3333,-72.4167,52.61,86,100,1.92
68,Karimganj,IN,2021-07-22 06:44:04,24.8667,92.35,93.45,63,20,2.39
69,Khatanga,RU,2021-07-22 06:44:05,71.9667,102.5,54.43,83,95,2.37
70,Hobyo,SO,2021-07-22 06:44:06,5.3505,48.5268,84.18,60,59,23.6
71,Yacopi,CO,2021-07-22 06:44:06,5.4595,-74.3382,60.13,78,30,3.71
72,Arraial Do Cabo,BR,2021-07-22 06:44:07,-22.9661,-42.0278,65.59,77,1,3.85
73,Oistins,BB,2021-07-22 06:44:03,13.0667,-59.5333,80.69,83,40,18.41
74,Manica,FR,2021-07-22 06:44:08,49.0,-1.1667,65.61,71,99,4.81
75,Paka,MY,2021-07-22 06:44:08,4.6374,103.4368,87.73,79,20,8.05
76,Hargeysa,SO,2021-07-22 06:42:14,9.56,44.065,75.99,47,57,34.63
77,Saldanha,ZA,2021-07-22 06:44:09,-33.0117,17.9442,41.05,70,100,5.44
78,Grindavik,IS,2021-07-22 06:44:10,63.8424,-22.4338,55.56,100,90,12.66
79,Leeton,AU,2021-07-22 06:44:10,-34.5667,146.4,53.51,62,100,10.36
80,Gornopravdinsk,RU,2021-07-22 06:44:11,60.05,69.9,77.07,39,100,3.2
81,Oksfjord,NO,2021-07-22 06:44:11,70.2396,22.3479,48.27,97,100,12.59
82,Dikson,RU,2021-07-22 06:44:12,73.5069,80.5464,50.7,78,100,18.95
83,Marzuq,YE,2021-07-22 06:44:12,14.4,46.4667,81.84,53,9,7.7
84,Mapiri,BO,2021-07-22 06:44:13,-15.25,-68.1667,61.34,88,19,0.98
85,Staryy Nadym,RU,2021-07-22 06:44:13,65.6118,72.6842,69.4,47,31,15.48
86,Belaya Gora,RU,2021-07-22 06:44:14,68.5333,146.4167,66.43,41,8,7.43
87,Kapaa,US,2021-07-22 06:40:20,22.0752,-159.319,79.12,80,90,3.0
88,Springfield,US,2021-07-22 06:44:15,37.2153,-93.2982,71.87,92,1,1.99
89,Saint George,US,2021-07-22 06:44:15,37.1041,-113.5841,85.62,47,1,1.99
90,Port Elizabeth,ZA,2021-07-22 06:44:16,-33.918,25.5701,45.1,93,75,18.41
91,Busselton,AU,2021-07-22 06:44:16,-33.65,115.3333,57.04,67,100,9.69
92,Ponta Do Sol,PT,2021-07-22 06:44:17,32.6667,-17.1,67.71,80,0,4.14
93,Tanda,IN,2021-07-22 06:44:17,26.55,82.65,94.93,53,100,10.22
94,Leningradskiy,RU,2021-07-22 06:44:17,69.3833,178.4167,38.79,72,96,2.89
95,Ulladulla,AU,2021-07-22 06:44:18,-35.35,150.4667,58.1,57,100,9.57
96,Faanui,PF,2021-07-22 06:44:18,-16.4833,-151.75,78.85,77,18,15.86
97,Milkovo,RU,2021-07-22 06:44:19,54.7167,158.6167,77.92,64,100,1.32
98,Castro,BR,2021-07-22 06:44:19,-24.7911,-50.0119,45.7,59,0,2.66
99,Bengkulu,ID,2021-07-22 06:44:20,-3.8004,102.2655,84.56,63,16,6.78
100,Saskylakh,RU,2021-07-22 06:44:21,71.9167,114.0833,71.82,39,100,16.89
101,Varna,BG,2021-07-22 06:44:21,43.2167,27.9167,76.23,73,0,16.11
102,San Quintin,MX,2021-07-22 06:44:22,30.4833,-115.95,69.62,85,100,7.87
103,Saint-Francois,FR,2021-07-22 06:44:22,46.4154,3.9054,69.19,89,0,2.3
104,New Norfolk,AU,2021-07-22 06:44:22,-42.7826,147.0587,56.7,74,98,1.41
105,Sinazongwe,ZM,2021-07-22 06:44:23,-17.2614,27.4618,67.1,32,0,8.61
106,Gunjur,GM,2021-07-22 06:44:23,13.2019,-16.7339,78.87,94,75,0.0
107,Port-Gentil,GA,2021-07-22 06:44:24,-0.7193,8.7815,75.16,78,75,8.05
108,Kaitangata,NZ,2021-07-22 06:44:24,-46.2817,169.8464,44.92,72,8,4.74
109,Nikolskoye,RU,2021-07-22 06:44:25,59.7035,30.7861,63.01,49,100,11.18
110,Sydney Mines,CA,2021-07-22 06:44:25,46.2367,-60.2177,65.16,96,90,1.99
111,Paamiut,GL,2021-07-22 06:44:26,61.994,-49.6678,42.37,84,100,1.7
112,Carnarvon,AU,2021-07-22 06:44:26,-24.8667,113.6333,71.67,54,0,10.36
113,Yulara,AU,2021-07-22 06:44:27,-25.2406,130.9889,75.04,23,0,20.71
114,Kashan,IR,2021-07-22 06:44:27,33.9831,51.4364,100.42,11,2,5.79
115,Mar Del Plata,AR,2021-07-22 06:44:28,-38.0023,-57.5575,49.12,61,0,10.0
116,Tarakan,ID,2021-07-22 06:44:28,3.3,117.6333,85.5,66,20,5.75
117,Georgetown,MY,2021-07-22 06:41:02,5.4112,100.3354,91.35,66,20,12.66
118,Wajima,JP,2021-07-22 06:44:29,37.4,136.9,86.68,70,40,5.75
119,Kidodi,TZ,2021-07-22 06:44:29,-7.6036,37.0044,72.45,81,99,2.95
120,Hobart,AU,2021-07-22 06:44:30,-42.8794,147.3294,57.06,61,75,6.91
121,Hambantota,LK,2021-07-22 06:44:30,6.1241,81.1185,91.74,55,20,18.41
122,Boa Vista,BR,2021-07-22 06:44:31,2.8197,-60.6733,78.78,89,40,1.14
123,Mayor Pablo Lagerenza,PY,2021-07-22 06:44:31,-19.9309,-60.7718,59.76,33,9,4.34
124,Jamestown,US,2021-07-22 06:44:32,42.097,-79.2353,60.39,95,20,1.01
125,Rundu,NA,2021-07-22 06:44:32,-17.9333,19.7667,55.17,39,0,10.96
126,Partyzany,UA,2021-07-22 06:44:33,46.3314,34.7503,69.71,84,100,14.36
127,Kavaratti,IN,2021-07-22 06:44:33,10.5669,72.642,82.62,81,100,24.54
128,Cao Bang,VN,2021-07-22 06:44:34,22.6667,106.25,86.25,83,92,0.81
129,Anadyr,RU,2021-07-22 06:44:34,64.75,177.4833,54.1,71,20,15.66
130,Solnechnyy,RU,2021-07-22 06:44:35,50.7214,136.6319,87.04,57,100,5.53
131,Adrar,MR,2021-07-22 06:44:35,20.5022,-10.0711,79.88,23,16,15.01
132,Kizilskoye,RU,2021-07-22 06:44:36,52.7255,58.8937,86.18,40,0,6.55
133,Katsuura,JP,2021-07-22 06:44:36,35.1333,140.3,89.71,72,8,8.81
134,Sinnamary,GF,2021-07-22 06:44:37,5.3833,-52.95,77.85,87,15,7.27
135,Chokurdakh,RU,2021-07-22 06:44:37,70.6333,147.9167,52.48,64,100,7.74
136,Xam Nua,LA,2021-07-22 06:44:38,20.4197,104.0439,80.38,75,95,6.11
137,Kapit,MY,2021-07-22 06:44:38,2.0167,112.9333,93.11,45,100,3.15
138,Birao,CF,2021-07-22 06:44:39,10.2849,22.7882,70.45,94,100,4.83
139,Taoudenni,ML,2021-07-22 06:44:39,22.6783,-3.9836,96.39,18,0,3.83
140,Trabzon,TR,2021-07-22 06:44:40,40.9167,39.8333,77.09,65,75,3.44
141,Gizo,SB,2021-07-22 06:44:41,-8.103,156.8419,82.74,76,71,5.59
142,Pringsewu,ID,2021-07-22 06:44:41,-5.3582,104.9744,91.26,52,62,3.85
143,Preobrazheniye,RU,2021-07-22 06:44:42,42.9019,133.9064,77.63,92,100,6.62
144,Guerrero Negro,MX,2021-07-22 06:44:42,27.9769,-114.0611,69.28,86,8,9.48
145,Monastyrshchina,RU,2021-07-22 06:44:43,54.3496,31.838,64.45,49,2,11.41
146,Qaanaaq,GL,2021-07-22 06:44:43,77.484,-69.3632,40.91,87,100,9.64
147,Zhongshu,CN,2021-07-22 06:44:44,24.5167,103.7667,76.26,72,93,3.98
148,Fort Walton Beach,US,2021-07-22 06:44:44,30.4058,-86.6188,84.97,82,20,5.99
149,Kloulklubed,PW,2021-07-22 06:44:45,7.0419,134.2556,86.5,73,64,16.04
150,Vanavara,RU,2021-07-22 06:44:45,60.34,102.2797,69.06,60,100,10.0
151,Pak Phanang,TH,2021-07-22 06:44:46,8.3511,100.202,96.82,51,91,6.31
152,Verkhoyansk,RU,2021-07-22 06:44:46,67.5447,133.385,72.66,33,0,7.94
153,Pingliang,CN,2021-07-22 06:44:47,35.5392,106.6861,83.7,51,99,13.85
154,Cherskiy,RU,2021-07-22 06:44:47,68.75,161.3,63.18,54,100,7.61
155,Yizheng,CN,2021-07-22 06:44:48,24.6706,103.4296,74.57,69,86,4.7
156,Satis,RU,2021-07-22 06:44:48,54.9229,43.2298,68.43,62,79,10.27
157,Anyama,CI,2021-07-22 06:44:49,5.4946,-4.0518,76.01,85,98,2.33
158,Carballo,ES,2021-07-22 06:44:49,43.213,-8.691,63.55,94,88,2.37
159,Bonwapitse,BW,2021-07-22 06:44:50,-23.0766,26.7037,49.28,12,0,10.74
160,Fenoarivo Atsinanana,MG,2021-07-22 06:44:50,-17.3667,49.4167,77.05,69,2,5.46
161,Tahoua,NE,2021-07-22 06:44:51,14.8888,5.2692,83.84,53,31,8.75
162,Camacha,PT,2021-07-22 06:44:51,33.0833,-16.3333,65.62,88,40,9.22
163,Portland,US,2021-07-22 06:43:45,45.5234,-122.6762,64.38,69,1,1.01
164,Hithadhoo,MV,2021-07-22 06:44:52,-0.6,73.0833,82.27,74,95,12.44
165,Luderitz,NA,2021-07-22 06:44:52,-26.6481,15.1594,53.67,32,99,13.94
166,Manihari,IN,2021-07-22 06:44:53,25.35,87.6333,94.84,55,100,8.03
167,Saint-Georges,GD,2021-07-22 06:44:53,12.0564,-61.7485,79.41,84,100,15.3
168,Meulaboh,ID,2021-07-22 06:44:54,4.1363,96.1285,86.04,62,37,5.1
169,Fortuna,US,2021-07-22 06:42:49,40.5982,-124.1573,56.43,90,75,0.0
170,Dingle,PH,2021-07-22 06:44:55,10.9995,122.6711,84.54,72,100,18.72
171,Clyde River,CA,2021-07-22 06:41:44,70.4692,-68.5914,37.63,100,90,2.3
172,Raudeberg,NO,2021-07-22 06:44:55,61.9875,5.1352,58.87,84,98,10.07
173,Kavieng,PG,2021-07-22 06:44:56,-2.5744,150.7967,82.94,75,99,8.79
174,Waitati,NZ,2021-07-22 06:44:56,-45.75,170.5667,46.8,78,17,3.6
175,Dondo,MZ,2021-07-22 06:44:57,-19.6094,34.7431,67.51,61,0,4.05
176,Chifeng,CN,2021-07-22 06:44:57,42.2683,118.9636,86.04,47,100,8.77
177,Ogulin,HR,2021-07-22 06:44:58,45.2661,15.2286,74.28,58,12,3.13
178,Viedma,AR,2021-07-22 06:40:28,-40.8135,-62.9967,48.79,51,100,10.74
179,Wajir,KE,2021-07-22 06:44:59,1.7471,40.0573,78.76,61,75,6.91
180,Awbari,LY,2021-07-22 06:44:59,26.5921,12.7805,86.09,27,0,10.65
181,Homa Bay,KE,2021-07-22 06:45:00,-0.5273,34.4571,71.28,50,0,0.72
182,Santiago Del Estero,AR,2021-07-22 06:42:47,-27.7951,-64.2615,47.8,40,7,7.23
183,Dunedin,NZ,2021-07-22 06:45:00,-45.8742,170.5036,46.8,78,11,3.0
184,Watsa,CD,2021-07-22 06:45:01,3.0372,29.5355,68.2,90,100,1.05
185,Laguna,US,2021-07-22 06:45:01,38.421,-121.4238,82.22,50,1,8.05
186,Hua Hin,TH,2021-07-22 06:42:56,12.5707,99.9588,92.89,57,40,9.22
187,Henties Bay,NA,2021-07-22 06:45:02,-22.116,14.2845,59.32,58,0,2.46
188,Anloga,GH,2021-07-22 06:45:03,5.7947,0.8973,77.22,78,99,13.06
189,Butaritari,KI,2021-07-22 06:45:03,3.0707,172.7902,83.48,74,9,11.9
190,Puerto Ayora,EC,2021-07-22 06:45:04,-0.7393,-90.3518,71.55,94,100,8.01
191,Vila Franca Do Campo,PT,2021-07-22 06:45:04,37.7167,-25.4333,66.61,81,100,7.54
192,Ribeira Grande,PT,2021-07-22 06:45:05,38.5167,-28.7,66.6,72,40,8.05
193,Airai,TL,2021-07-22 06:45:05,-8.9266,125.4092,72.3,41,96,3.31
194,Tuktoyaktuk,CA,2021-07-22 06:45:06,69.4541,-133.0374,41.97,96,93,13.18
195,College,US,2021-07-22 06:45:06,64.8569,-147.8028,75.18,38,75,8.05
196,Bucerias,MX,2021-07-22 06:45:07,20.75,-105.3333,84.97,83,84,1.61
197,Salalah,OM,2021-07-22 06:40:17,17.0151,54.0924,82.49,83,75,11.5
198,Upernavik,GL,2021-07-22 06:45:07,72.7868,-56.1549,41.07,93,100,11.18
199,Tasiilaq,GL,2021-07-22 06:45:08,65.6145,-37.6368,44.76,98,100,11.7
200,Longyearbyen,SJ,2021-07-22 06:45:08,78.2186,15.6401,42.64,75,75,3.44
201,Nalut,LY,2021-07-22 06:45:09,30.3333,10.85,80.19,34,0,9.15
202,Hanting,CN,2021-07-22 06:45:10,36.7708,119.2108,91.89,43,100,9.66
203,Souillac,MU,2021-07-22 06:45:10,-20.5167,57.5167,75.36,56,20,16.11
204,Popondetta,PG,2021-07-22 06:45:11,-8.7537,148.2534,81.36,77,43,3.56
205,Vila Velha,BR,2021-07-22 06:45:11,-20.3297,-40.2925,62.55,100,40,0.0
206,Nenjiang,CN,2021-07-22 06:45:12,49.1833,125.2167,85.14,73,21,9.31
207,Olafsvik,IS,2021-07-22 06:45:12,64.8945,-23.7142,52.16,98,100,13.44
208,Napanee,CA,2021-07-22 06:45:09,44.2501,-76.9494,61.43,63,10,7.18
209,Burnie,AU,2021-07-22 06:45:13,-41.0667,145.9167,52.92,82,100,11.52
210,Qasigiannguit,GL,2021-07-22 06:45:14,68.8193,-51.1922,44.85,79,98,2.39
211,Bom Jesus,BR,2021-07-22 06:45:14,-9.0744,-44.3586,68.77,64,4,4.34
212,Narsaq,GL,2021-07-22 06:45:15,60.9167,-46.05,44.82,94,59,4.63
213,Krasnovishersk,RU,2021-07-22 06:45:15,60.4078,57.082,68.11,60,100,5.86
214,Husavik,IS,2021-07-22 06:45:16,66.0449,-17.3389,57.11,79,1,1.63
215,Mto Wa Mbu,TZ,2021-07-22 06:45:16,-3.35,35.85,71.92,62,32,5.64
216,Touros,BR,2021-07-22 06:45:16,-5.1989,-35.4608,72.5,85,10,14.09
217,Silver City,US,2021-07-22 06:45:17,32.7701,-108.2803,72.68,50,40,3.0
218,Bermeo,ES,2021-07-22 06:45:17,43.4209,-2.7215,76.64,86,71,0.49
219,Daokou,CN,2021-07-22 06:45:18,35.5639,114.5058,76.84,87,100,6.31
220,Andenes,NO,2021-07-22 06:45:18,69.3143,16.1194,54.07,87,75,12.66
221,Lompoc,US,2021-07-22 06:43:35,34.6391,-120.4579,71.78,85,90,8.05
222,Alice Springs,AU,2021-07-22 06:45:19,-23.7,133.8833,83.75,14,45,25.32
223,Smithers,CA,2021-07-22 06:44:30,54.7804,-127.1743,55.72,76,90,0.0
224,San Cristobal,VE,2021-07-22 06:45:20,7.7669,-72.225,64.92,93,98,4.14
225,Qujing,CN,2021-07-22 06:45:21,25.4833,103.7833,77.54,62,51,6.38
226,Chateauroux,FR,2021-07-22 06:45:21,46.8167,1.7,64.4,77,0,5.75
227,Sola,VU,2021-07-22 06:45:22,-13.8833,167.55,83.07,84,75,0.0
228,Acapulco,MX,2021-07-22 06:45:22,16.8634,-99.8901,78.62,86,100,6.06
229,Kananga,CD,2021-07-22 06:45:23,-5.8958,22.4178,81.01,23,3,8.23
230,Scarborough,GB,2021-07-22 06:45:23,54.2797,-0.4044,64.9,83,0,3.27
231,Taungdwingyi,MM,2021-07-22 06:45:24,20.0167,95.55,83.43,78,91,15.37
232,Nome,US,2021-07-22 06:45:24,64.5011,-165.4064,46.47,67,75,12.66
233,Fairbanks,US,2021-07-22 06:45:25,64.8378,-147.7164,75.2,44,1,6.91
234,Lorengau,PG,2021-07-22 06:45:25,-2.0226,147.2712,82.65,78,100,4.74
235,Bontang,ID,2021-07-22 06:45:26,0.1333,117.5,85.75,67,98,12.66
236,Porto Novo,BJ,2021-07-22 06:45:27,6.4965,2.6036,76.82,76,100,5.26
237,Newport,GB,2021-07-22 06:45:27,51.5877,-2.9984,73.18,79,73,7.94
238,Victoria,HK,2021-07-22 06:40:29,22.2855,114.1577,91.26,74,100,5.99
239,Veshenskaya,RU,2021-07-22 06:45:28,49.6303,41.7334,77.54,61,29,10.96
240,Flinders,AU,2021-07-22 06:45:29,-34.5833,150.8552,61.21,46,100,8.43
241,Tyler,US,2021-07-22 06:45:29,32.3513,-95.3011,75.87,88,1,1.01
242,Broome,US,2021-07-22 06:45:30,42.2506,-75.833,58.57,87,0,1.01
243,Suntar,RU,2021-07-22 06:45:30,62.1444,117.6319,80.82,42,92,4.5
244,Tilichiki,RU,2021-07-22 06:45:31,60.4667,166.1,61.88,60,100,12.68
245,Iqaluit,CA,2021-07-22 06:45:31,63.7506,-68.5145,40.73,93,75,5.01
246,Tuatapere,NZ,2021-07-22 06:45:31,-46.1333,167.6833,46.81,82,11,4.14
247,Monrovia,LR,2021-07-22 06:45:32,6.3005,-10.7969,74.97,82,90,5.86
248,Kodoli,IN,2021-07-22 06:45:32,16.8833,74.2,73.22,90,100,16.28
249,Gayny,RU,2021-07-22 06:45:33,60.3071,54.3241,66.31,56,100,5.21
250,Tukrah,LY,2021-07-22 06:45:33,32.5341,20.5791,80.85,65,98,13.13
251,Kalamare,BW,2021-07-22 06:45:34,-22.9337,26.5703,48.99,12,0,10.07
252,Baoqing,CN,2021-07-22 06:41:12,46.3317,132.2111,92.34,46,36,3.6
253,Shubarkuduk,KZ,2021-07-22 06:45:35,49.1447,56.4872,97.39,20,0,8.46
254,Qarayeri,AZ,2021-07-22 06:45:35,40.7886,46.3066,88.68,48,20,11.5
255,Quthing,LS,2021-07-22 06:45:35,-30.4,27.7003,30.99,81,100,10.67
256,Ahipara,NZ,2021-07-22 06:45:36,-35.1667,173.1667,54.36,88,100,4.72
257,Gazojak,TM,2021-07-22 06:45:36,41.1875,61.4036,96.98,12,0,12.12
258,Peniche,PT,2021-07-22 06:45:37,39.3558,-9.3811,64.62,90,7,9.26
259,Mogadishu,SO,2021-07-22 06:45:38,2.0371,45.3438,78.67,65,75,16.11
260,Nara,JP,2021-07-22 06:43:13,34.6851,135.8049,94.91,40,94,10.16
261,Sumbe,AO,2021-07-22 06:45:39,-11.2061,13.8437,71.26,78,0,3.31
262,Port Hardy,CA,2021-07-22 06:45:08,50.6996,-127.4199,53.78,100,75,2.3
263,General Roca,AR,2021-07-22 06:45:39,-39.0333,-67.5833,37.8,40,100,2.46
264,Marsh Harbour,BS,2021-07-22 06:45:40,26.5412,-77.0636,82.62,77,100,10.2
265,Ust-Karsk,RU,2021-07-22 06:45:40,52.7011,118.8077,82.44,72,59,4.76
266,Shimoda,JP,2021-07-22 06:45:41,34.6667,138.95,84.56,72,2,7.83
267,Poum,NC,2021-07-22 06:45:41,-20.2333,164.0167,72.12,66,0,11.65
268,Dali,CN,2021-07-22 06:45:42,25.7,100.1833,74.34,69,99,3.06
269,Hamilton,US,2021-07-22 06:42:48,39.1834,-84.5333,66.99,86,1,1.01
270,Bastos,BR,2021-07-22 06:45:43,-21.9219,-50.7339,53.87,35,0,5.79
271,Margate,GB,2021-07-22 06:45:43,51.3813,1.3862,69.69,78,0,1.99
272,Calahorra,ES,2021-07-22 06:45:44,42.3051,-1.9652,73.89,69,0,0.89
273,Shingu,JP,2021-07-22 06:45:44,33.7333,135.9833,86.99,75,89,7.45
274,Wairoa,NZ,2021-07-22 06:45:44,-39.0333,177.3667,56.55,63,0,1.01
275,Remanso,BR,2021-07-22 06:45:45,-9.6179,-42.0831,69.3,72,2,13.78
276,Avarua,CK,2021-07-22 06:45:45,-21.2078,-159.775,71.65,94,5,2.3
277,Ambilobe,MG,2021-07-22 06:45:46,-13.2,49.05,83.8,38,0,9.35
278,Ancud,CL,2021-07-22 06:45:46,-41.8697,-73.8203,47.73,90,100,11.21
279,Jacmel,HT,2021-07-22 06:45:47,18.2342,-72.5347,82.24,85,10,1.79
280,Olkhovka,RU,2021-07-22 06:45:47,53.2115,60.6069,83.23,50,0,6.85
281,Sao Filipe,CV,2021-07-22 06:45:48,14.8961,-24.4956,76.15,85,17,6.15
282,Qaqortoq,GL,2021-07-22 06:45:48,60.7167,-46.0333,45.1,95,22,3.53
283,Xuddur,SO,2021-07-22 06:45:49,4.1213,43.8894,81.32,53,34,23.89
284,Nuuk,GL,2021-07-22 06:45:50,64.1835,-51.7216,47.01,76,90,17.27
285,Formosa,AR,2021-07-22 06:45:50,-26.1775,-58.1781,49.98,87,0,0.0
286,Sorland,NO,2021-07-22 06:45:51,67.667,12.6934,49.86,87,75,6.91
287,Pangnirtung,CA,2021-07-22 06:45:51,66.1451,-65.7125,40.8,87,100,5.48
288,Impfondo,CG,2021-07-22 06:45:51,1.6381,18.0667,83.14,57,100,3.15
289,Bonthe,SL,2021-07-22 06:45:52,7.5264,-12.505,77.32,81,100,4.74
290,Ugoofaaru,MV,2021-07-22 06:45:52,5.6667,73.0,82.89,76,100,17.16
291,Bubaque,GW,2021-07-22 06:45:53,11.2833,-15.8333,79.99,82,71,12.19
292,Shieli,KZ,2021-07-22 06:45:53,44.1667,66.75,93.88,17,0,13.67
293,Vetlanda,SE,2021-07-22 06:45:54,57.4289,15.0776,64.27,49,56,3.56
294,Batavia,US,2021-07-22 06:45:54,41.85,-88.3126,66.9,86,1,1.01
295,Oyama,JP,2021-07-22 06:45:55,36.3,139.8,97.59,39,80,11.45
296,Port Blair,IN,2021-07-22 06:45:55,11.6667,92.75,83.97,81,100,22.53
297,Hualmay,PE,2021-07-22 06:45:56,-11.0964,-77.6139,62.11,86,39,8.81
298,Santa Cruz,BO,2021-07-22 06:43:51,-17.8,-63.1667,54.86,88,0,3.44
299,Bagotville,AU,2021-07-22 06:45:57,-28.9833,153.4167,64.42,72,1,3.53
300,Mineros,BO,2021-07-22 06:45:57,-17.1167,-63.2333,56.79,48,0,0.47
301,Kollo,NE,2021-07-22 06:45:57,13.3043,2.339,79.23,59,77,10.18
302,Severo-Kurilsk,RU,2021-07-22 06:45:58,50.6789,156.125,51.69,94,85,4.12
303,Marystown,CA,2021-07-22 06:43:08,47.1666,-55.1483,54.48,93,100,13.91
304,Yellowknife,CA,2021-07-22 06:45:59,62.456,-114.3525,64.29,82,20,1.99
305,Cap Malheureux,MU,2021-07-22 06:45:59,-19.9842,57.6142,75.47,58,77,11.99
306,Rosetown,CA,2021-07-22 06:46:00,51.5501,-108.0014,62.58,77,58,4.61
307,Cayenne,GF,2021-07-22 06:46:00,4.9333,-52.3333,78.1,86,75,0.0
308,Ivanivka,UA,2021-07-22 06:46:01,46.7208,34.553,69.8,81,100,13.58
309,Coihaique,CL,2021-07-22 06:46:01,-45.5752,-72.0662,48.15,76,90,6.91
310,Arilje,RS,2021-07-22 06:46:02,43.7531,20.0956,70.3,62,0,2.57
311,Paris,FR,2021-07-22 06:41:12,48.8534,2.3488,72.37,74,0,1.01
312,Grand Gaube,MU,2021-07-22 06:46:03,-20.0064,57.6608,75.38,58,76,11.99
313,Kieta,PG,2021-07-22 06:46:04,-6.2167,155.6333,80.33,86,100,4.72
314,Hirara,JP,2021-07-22 06:46:04,24.8,125.2833,82.67,89,75,34.52
315,Natal,BR,2021-07-22 06:45:38,-5.795,-35.2094,73.62,88,40,8.05
316,Chama,CH,2021-07-22 06:46:05,47.1821,8.4636,73.06,81,0,0.0
317,Cascavel,BR,2021-07-22 06:46:06,-24.9558,-53.4553,51.1,51,0,4.52
318,Sao Sebastiao,BR,2021-07-22 06:46:06,-23.76,-45.4097,57.25,85,2,2.71
319,Ilulissat,GL,2021-07-22 06:46:07,69.2167,-51.1,44.62,76,20,0.0
320,Mahebourg,MU,2021-07-22 06:46:07,-20.4081,57.7,75.25,56,20,16.11
321,Blagoyevo,RU,2021-07-22 06:46:08,63.3667,47.9167,62.13,34,45,6.53
322,Masallatah,LY,2021-07-22 06:46:08,32.6167,14.0,77.13,62,0,4.47
323,Kangasala,FI,2021-07-22 06:46:09,61.4638,24.076,61.86,48,63,15.05
324,Staroye Drozhzhanoye,RU,2021-07-22 06:46:09,54.7266,47.5677,57.99,93,100,12.84
325,Lakewood,US,2021-07-22 06:45:55,39.7047,-105.0814,75.0,55,64,1.01
326,Pedro Carbo,EC,2021-07-22 06:46:10,-1.8333,-80.2333,71.2,88,67,3.06
327,Dudinka,RU,2021-07-22 06:46:11,69.4058,86.1778,66.85,54,100,20.18
328,Youkounkoun,GN,2021-07-22 06:46:11,12.5333,-13.1333,74.84,95,92,6.46
329,Lima,PE,2021-07-22 06:46:07,-12.0432,-77.0282,61.9,85,90,4.61
330,Saint-Paul,RE,2021-07-22 06:46:12,-21.0096,55.2707,77.11,64,31,4.05
331,Ostrovnoy,RU,2021-07-22 06:46:12,68.0531,39.5131,48.74,82,100,5.53
332,Nathdwara,IN,2021-07-22 06:46:13,24.9333,73.8167,86.99,44,3,8.93
333,Yiyang,CN,2021-07-22 06:46:13,28.5892,112.3283,94.24,54,100,4.29
334,Yerbogachen,RU,2021-07-22 06:46:14,61.2767,108.0108,76.98,35,100,2.21
335,Morant Bay,JM,2021-07-22 06:46:14,17.8815,-76.4093,82.02,86,77,9.33
336,Buraydah,SA,2021-07-22 06:46:15,26.326,43.975,102.65,13,3,14.36
337,Almaznyy,RU,2021-07-22 06:46:15,48.0448,40.045,69.94,59,56,9.1
338,Yangambi,CD,2021-07-22 06:46:16,0.8102,24.4336,81.81,52,98,1.57
339,Manono,CD,2021-07-22 06:46:16,-7.3,27.4167,82.65,22,5,9.35
340,Bastia,FR,2021-07-22 06:46:17,42.6667,9.3333,79.3,82,0,2.3
341,Umtata,ZA,2021-07-22 06:46:17,-31.5889,28.7844,43.36,49,40,19.57
342,Esna,EG,2021-07-22 06:46:18,25.2934,32.554,93.22,22,99,9.93
343,Batagay,RU,2021-07-22 06:46:18,67.6333,134.6333,71.11,37,0,7.72
344,Nouadhibou,MR,2021-07-22 06:46:19,20.931,-17.0347,66.18,88,75,20.71
345,Sinop,TR,2021-07-22 06:46:19,41.7711,34.8709,72.03,62,64,4.47
346,Samarai,PG,2021-07-22 06:46:19,-10.6167,150.6667,77.97,74,96,12.46
347,Longjiang,CN,2021-07-22 06:46:20,47.3303,123.1836,89.02,55,22,10.65
348,Pueblo,US,2021-07-22 06:46:21,38.2545,-104.6091,79.56,50,1,4.0
349,Charters Towers,AU,2021-07-22 06:46:21,-20.1,146.2667,75.31,32,42,13.82
350,Zyryanka,RU,2021-07-22 06:46:22,65.75,150.85,55.0,96,100,12.68
351,Alta Floresta,BR,2021-07-22 06:46:22,-9.8756,-56.0861,65.62,49,0,4.34
352,Tornio,FI,2021-07-22 06:46:23,65.8481,24.1466,59.02,53,67,14.05
353,Berbera,SO,2021-07-22 06:46:23,10.4396,45.0143,95.45,34,11,34.83
354,Corn Island,NI,2021-07-22 06:46:24,12.1694,-83.0418,81.99,82,100,21.34
355,Bossangoa,CF,2021-07-22 06:46:24,6.4926,17.4552,73.53,83,98,2.28
356,Aksarka,RU,2021-07-22 06:46:25,66.5606,67.7975,64.36,41,86,17.56
357,Fomboni,KM,2021-07-22 06:46:25,-12.28,43.7425,77.59,71,1,19.71
358,Bairiki,KI,2021-07-22 06:46:26,1.3292,172.9752,84.2,79,40,5.75
359,Zhuhai,CN,2021-07-22 06:46:26,22.2769,113.5678,91.71,74,20,3.44
360,Mpraeso,GH,2021-07-22 06:46:27,6.5932,-0.7346,67.89,93,93,3.98
361,Sur,OM,2021-07-22 06:46:27,22.5667,59.5289,98.73,45,97,7.54
362,South Venice,US,2021-07-22 06:46:28,27.0531,-82.4243,83.14,92,1,4.61
363,Broken Hill,AU,2021-07-22 06:46:28,-31.95,141.4333,44.31,76,90,21.85
364,Tiksi,RU,2021-07-22 06:46:29,71.6872,128.8694,42.21,89,97,6.93
365,Ucluelet,CA,2021-07-22 06:46:29,48.9329,-125.5528,57.09,87,61,5.64
366,Vardo,NO,2021-07-22 06:46:30,70.3705,31.1107,46.38,76,40,20.71
367,Panguipulli,CL,2021-07-22 06:46:31,-39.6333,-72.3333,45.19,95,100,2.08
368,Baykit,RU,2021-07-22 06:46:31,61.67,96.37,75.61,46,40,2.19
369,Ligayan,PH,2021-07-22 06:46:32,4.6533,119.4706,82.99,75,100,16.51
370,Northam,GB,2021-07-22 06:46:32,51.0333,-4.2167,72.68,85,100,7.38
371,Neyshabur,IR,2021-07-22 06:43:52,36.2133,58.7958,88.34,15,0,1.9
372,Souris,CA,2021-07-22 06:46:33,49.6172,-100.2612,69.66,81,0,7.54
373,Taunggyi,MM,2021-07-22 06:46:34,20.7833,97.0333,68.07,88,100,8.08
374,Padang,ID,2021-07-22 06:46:34,-0.9492,100.3543,86.31,63,70,5.82
375,Nishihara,JP,2021-07-22 06:46:35,26.1842,127.7558,80.65,97,90,32.21
376,Luanda,AO,2021-07-22 06:45:36,-8.8368,13.2343,69.8,88,90,3.44
377,Leua,SK,2021-07-22 06:46:35,48.2156,18.6071,68.11,55,0,2.42
378,Sept-Iles,CA,2021-07-22 06:43:02,50.2001,-66.3821,62.06,73,75,1.01
379,Chandbali,IN,2021-07-22 06:46:36,20.7833,86.7667,92.46,57,100,14.52
380,Chernyshevskiy,RU,2021-07-22 06:46:37,63.0128,112.4714,70.75,49,100,2.71
381,Udachnyy,RU,2021-07-22 06:46:37,66.4167,112.4,67.93,58,100,9.53
382,Nangong,CN,2021-07-22 06:46:39,37.3581,115.3744,72.9,85,100,2.53
383,Kotdwara,IN,2021-07-22 06:46:39,29.75,78.5333,85.06,72,99,1.28
384,Yar-Sale,RU,2021-07-22 06:46:40,66.8333,70.8333,69.82,41,8,16.44
385,Yuzhno-Kurilsk,RU,2021-07-22 06:46:40,44.0306,145.8556,64.76,89,43,7.61
386,Cidreira,BR,2021-07-22 06:46:41,-30.1811,-50.2056,52.63,71,4,5.06
387,Semirom,IR,2021-07-22 06:46:41,31.4167,51.5667,80.56,17,39,2.33
388,Falun,SE,2021-07-22 06:46:41,60.6036,15.626,68.22,65,83,4.94
389,Atbasar,KZ,2021-07-22 06:46:42,51.8,68.3333,82.71,30,3,5.64
390,Namatanai,PG,2021-07-22 06:46:42,-3.6667,152.4333,81.52,80,84,5.97
391,Boralday,KZ,2021-07-22 06:46:43,43.3578,76.8594,93.18,20,37,8.12
392,Smolensk,RU,2021-07-22 06:46:43,55.0,33.0,64.15,48,0,9.33
393,Srednekolymsk,RU,2021-07-22 06:46:44,67.45,153.6833,67.73,50,100,3.06
394,Sozimskiy,RU,2021-07-22 06:46:44,59.7418,52.2482,63.23,64,100,4.85
395,Bonavista,CA,2021-07-22 06:46:45,48.6499,-53.1147,50.11,88,100,9.22
396,Glenwood Springs,US,2021-07-22 06:46:46,39.5505,-107.3248,74.32,87,90,8.05
397,Khonsa,IN,2021-07-22 06:46:47,27.0167,95.5667,85.23,68,33,2.04
398,Luanshya,ZM,2021-07-22 06:46:47,-13.1367,28.4166,51.57,36,3,8.14
399,Avera,US,2021-07-22 06:46:47,33.194,-82.5271,76.71,93,69,4.18
400,Majalgaon,IN,2021-07-22 06:46:48,19.15,76.2333,77.9,83,100,16.11
401,Esperance,AU,2021-07-22 06:46:49,-33.8667,121.9,57.04,68,100,12.88
402,Anchorage,US,2021-07-22 06:45:07,61.2181,-149.9003,57.65,93,90,3.44
403,Pisco,PE,2021-07-22 06:46:49,-13.7,-76.2167,61.02,82,90,3.44
404,Hasaki,JP,2021-07-22 06:46:50,35.7333,140.8333,88.09,72,88,8.59
405,Mitsamiouli,KM,2021-07-22 06:46:51,-11.3847,43.2844,78.64,65,0,9.89
406,Montoro,ES,2021-07-22 06:46:51,38.0241,-4.3834,81.99,21,0,1.95
407,Zheleznogorsk-Ilimskiy,RU,2021-07-22 06:46:52,56.5768,104.1217,63.9,88,94,3.47
408,Khash,IR,2021-07-22 06:46:52,28.2211,61.2158,92.26,8,0,20.22
409,Ginda,IN,2021-07-22 06:46:53,30.6945,78.4932,70.39,86,99,3.31
410,Cockburn Town,TC,2021-07-22 06:46:54,21.4612,-71.1419,81.45,76,0,18.52
411,Sioux Lookout,CA,2021-07-22 06:46:54,50.1001,-91.917,62.98,77,90,0.0
412,Staryy Oskol,RU,2021-07-22 06:46:55,51.2967,37.8417,70.83,58,82,14.09
413,Sabang,ID,2021-07-22 06:46:55,5.8933,95.3214,83.35,76,26,24.81
414,Sampang,ID,2021-07-22 06:46:56,-7.1872,113.2394,85.95,58,98,10.67
415,Luang Prabang,LA,2021-07-22 06:46:56,19.8856,102.1347,87.76,62,75,6.91
416,Zabaykalsk,RU,2021-07-22 06:46:57,49.6333,117.3167,89.31,42,23,15.14
417,Kayerkan,RU,2021-07-22 06:46:57,69.3497,87.7602,68.92,43,100,19.8
418,Pomabamba,PE,2021-07-22 06:46:57,-8.8333,-77.4667,42.91,91,7,2.73
419,Rocha,UY,2021-07-22 06:46:58,-34.4833,-54.3333,43.93,82,100,5.93
420,Naryan-Mar,RU,2021-07-22 06:46:58,67.6713,53.087,52.39,62,100,14.72
421,Petropavlovsk-Kamchatskiy,RU,2021-07-22 06:46:59,53.0452,158.6483,61.39,77,20,13.42
422,Komsomolskiy,UZ,2021-07-22 06:46:59,40.4272,71.7189,89.02,30,0,6.91
423,Atambua,ID,2021-07-22 06:47:00,-9.1061,124.8925,81.54,49,84,0.98
424,Missoula,US,2021-07-22 06:47:01,47.0166,-113.8009,61.2,66,0,2.53
425,Paita,PE,2021-07-22 06:47:01,-5.0892,-81.1144,64.87,85,8,11.03
426,Yabrud,SY,2021-07-22 06:47:02,33.9674,36.6574,71.26,19,0,3.24
427,Mariental,NA,2021-07-22 06:47:02,-24.6333,17.9667,43.02,20,0,5.61
428,Hovd,MN,2021-07-22 06:47:03,48.0056,91.6419,85.28,19,73,9.33
429,Mastic Beach,US,2021-07-22 06:47:03,40.7668,-72.8521,70.05,80,1,1.99
430,Brookings,US,2021-07-22 06:45:35,44.3114,-96.7984,73.69,87,1,12.66
431,Kalakamati,BW,2021-07-22 06:47:04,-20.5929,27.3121,58.06,31,0,10.27
432,Havre-Saint-Pierre,CA,2021-07-22 06:47:04,50.2334,-63.5986,57.56,82,90,6.91
433,Nantucket,US,2021-07-22 06:47:05,41.2835,-70.0995,68.97,89,0,17.31
434,Rawson,AR,2021-07-22 06:47:05,-43.3002,-65.1023,52.03,55,100,8.93
435,Susanville,US,2021-07-22 06:47:06,40.4163,-120.653,53.82,22,0,4.23
436,Neiafu,TO,2021-07-22 06:47:06,-18.65,-173.9833,77.68,73,20,5.75
437,Gospic,HR,2021-07-22 06:47:07,44.5461,15.3747,71.29,48,36,6.78
438,Naze,JP,2021-07-22 06:47:08,28.3667,129.4833,77.92,90,100,26.69
439,Muros,ES,2021-07-22 06:47:08,42.7762,-9.0603,63.23,87,9,2.75
440,Hailey,US,2021-07-22 06:47:09,43.5196,-114.3153,62.46,67,1,5.75
441,Sargatskoye,RU,2021-07-22 06:47:09,55.6101,73.4972,82.89,38,8,11.52
442,Warwick,US,2021-07-22 06:46:07,41.7001,-71.4162,66.9,82,1,8.05
443,Port Lincoln,AU,2021-07-22 06:47:10,-34.7333,135.8667,49.12,89,100,7.74
444,Quelimane,MZ,2021-07-22 06:47:11,-17.8786,36.8883,69.75,94,40,0.0
445,Marand,IR,2021-07-22 06:47:11,38.4329,45.7749,89.94,29,0,1.74
446,Banda Aceh,ID,2021-07-22 06:47:12,5.5577,95.3222,87.17,63,85,18.05
447,Vanimo,PG,2021-07-22 06:47:12,-2.6741,141.3028,84.15,72,80,5.12
448,Faya,SA,2021-07-22 06:47:13,18.3851,42.4509,69.91,70,35,10.56
449,Xinye,CN,2021-07-22 06:47:13,32.5186,112.3522,89.58,66,100,7.9
450,Taquarituba,BR,2021-07-22 06:47:13,-23.5331,-49.2444,46.78,49,0,4.47
451,Coquimbo,CL,2021-07-22 06:47:14,-29.9533,-71.3436,47.93,100,90,4.61
452,Batagay-Alyta,RU,2021-07-22 06:47:15,67.8006,130.4114,69.66,38,6,6.42
453,Pangai,TO,2021-07-22 06:47:15,-19.8,-174.35,77.11,73,20,12.66
454,Pacific Grove,US,2021-07-22 06:47:16,36.6177,-121.9166,61.81,88,90,1.99
455,Muttupet,IN,2021-07-22 06:47:16,10.4,79.4833,91.47,47,100,11.72
456,Alofi,NU,2021-07-22 06:47:17,-19.0595,-169.9187,75.09,94,52,10.36
457,Jibuti,DJ,2021-07-22 06:47:17,11.5,42.5,94.42,40,78,14.23
458,Itarema,BR,2021-07-22 06:47:18,-2.9248,-39.9167,76.89,81,21,14.41
459,Halifax,CA,2021-07-22 06:45:09,44.6453,-63.5724,67.08,94,100,1.14
460,Katangli,RU,2021-07-22 06:47:19,51.7102,143.2326,73.6,76,100,4.56
461,Lyubashivka,UA,2021-07-22 06:47:19,47.8372,30.2598,69.28,66,16,16.46
462,Mersing,MY,2021-07-22 06:47:20,2.4312,103.8405,91.31,70,40,8.05
463,Acoyapa,NI,2021-07-22 06:47:21,11.9703,-85.1711,76.89,86,100,14.97
464,Vila,PT,2021-07-22 06:47:22,42.0304,-8.1588,57.94,82,3,0.09
465,Russell,US,2021-07-22 06:46:55,32.3502,-85.1999,74.48,94,90,0.0
466,Vallenar,CL,2021-07-22 06:47:22,-28.5708,-70.7581,59.25,39,6,1.79
467,Waddan,LY,2021-07-22 06:47:23,29.1614,16.139,79.23,46,0,6.2
468,Isangel,VU,2021-07-22 06:47:23,-19.55,169.2667,78.91,78,75,5.75
469,Lavrentiya,RU,2021-07-22 06:45:39,65.5833,-171.0,38.53,85,100,7.09
470,Besikduzu,TR,2021-07-22 06:47:24,41.052,39.2284,82.29,86,81,9.19
471,Vadso,NO,2021-07-22 06:47:25,70.0744,29.7487,46.35,81,75,12.66
472,Owando,CG,2021-07-22 06:47:25,-0.4819,15.8999,82.15,43,89,5.7
473,Makubetsu,JP,2021-07-22 06:47:26,45.3714,141.8211,82.11,69,75,8.05
474,Dutlwe,BW,2021-07-22 06:47:26,-23.9833,23.9,41.61,30,0,15.1
475,Elat,IL,2021-07-22 06:47:28,29.5581,34.9482,87.64,30,0,13.8
476,Kenai,US,2021-07-22 06:47:28,60.5544,-151.2583,57.02,94,90,8.05
477,Plettenberg Bay,ZA,2021-07-22 06:47:29,-34.0527,23.3716,48.52,75,100,19.15
478,Christchurch,NZ,2021-07-22 06:47:29,-43.5333,172.6333,48.0,87,75,4.0
479,Longido,TZ,2021-07-22 06:47:30,-2.7333,36.6833,69.04,58,12,4.72
480,Fare,PF,2021-07-22 06:47:30,-16.7,-151.0167,78.33,77,3,14.38
481,Douglas,US,2021-07-22 06:47:31,41.3,-96.167,74.98,82,1,4.61
482,Moses Lake,US,2021-07-22 06:47:31,47.1301,-119.2781,66.88,36,1,3.44
483,Skjervoy,NO,2021-07-22 06:47:32,70.0311,20.9714,48.2,88,100,23.94
484,Ulaanbaatar,MN,2021-07-22 06:47:32,47.9077,106.8832,69.93,56,40,8.95
485,Marawi,PH,2021-07-22 06:47:33,7.9986,124.2928,77.74,65,100,7.81
486,Mercedes,AR,2021-07-22 06:47:33,-34.6515,-59.4307,50.85,89,26,7.18
487,Codrington,AU,2021-07-22 06:47:34,-38.2667,141.9667,48.81,66,100,14.63
488,Cabra,ES,2021-07-22 06:47:34,37.4725,-4.4421,78.91,37,0,2.57
489,Pelotas,BR,2021-07-22 06:44:42,-31.7719,-52.3425,43.86,69,12,4.23
490,Bilibino,RU,2021-07-22 06:47:35,68.0546,166.4372,67.95,27,75,4.21
491,Santarem,BR,2021-07-22 06:47:35,-2.4431,-54.7083,75.33,100,20,0.0
492,Hit,IQ,2021-07-22 06:47:36,33.6416,42.8251,99.19,17,0,16.58
493,Te Anau,NZ,2021-07-22 06:47:36,-45.4167,167.7167,39.72,93,19,0.94
494,Labuhan,ID,2021-07-22 06:47:37,-6.8844,112.2051,87.15,60,55,10.67
495,Marienburg,PL,2021-07-22 06:47:37,54.0359,19.0266,70.88,63,61,6.42
496,Jumla,NP,2021-07-22 06:47:38,29.2747,82.1838,69.28,83,98,3.15
497,Mount Gambier,AU,2021-07-22 06:47:38,-37.8333,140.7667,46.31,81,90,17.27
498,San Carlos De Bariloche,AR,2021-07-22 06:47:39,-41.1456,-71.3082,35.35,64,0,0.0
499,Nizhnevartovsk,RU,2021-07-22 06:47:39,60.9344,76.5531,73.42,73,40,8.95
500,Maua,BR,2021-07-22 06:47:40,-23.6678,-46.4614,56.35,92,0,2.51
501,Pedernales,DO,2021-07-22 06:47:40,18.0384,-71.744,79.74,73,12,4.41
502,Fazilka,IN,2021-07-22 06:47:41,30.4,74.0333,94.37,47,76,0.74
503,Strezhevoy,RU,2021-07-22 06:47:41,60.7333,77.5889,73.38,64,72,12.66
504,Miandrivazo,MG,2021-07-22 06:47:42,-19.5167,45.4667,81.05,40,0,1.5
505,Alhaurin El Grande,ES,2021-07-22 06:47:42,36.643,-4.6873,81.39,49,0,4.61
506,Mayo,US,2021-07-22 06:46:10,38.8876,-76.5119,73.44,85,0,1.01
507,Riberalta,BO,2021-07-22 06:47:43,-10.9833,-66.1,64.22,58,0,1.97
508,Kuvandyk,RU,2021-07-22 06:47:43,51.4781,57.3552,91.63,30,5,9.13
509,Lieksa,FI,2021-07-22 06:47:44,63.3167,30.0167,54.59,85,100,15.03
510,Karasjok,NO,2021-07-22 06:47:45,69.4719,25.5112,44.71,87,100,16.06
511,Tuy Hoa,VN,2021-07-22 06:47:45,13.0833,109.3,92.66,48,98,14.2
512,Red Deer,CA,2021-07-22 06:47:46,52.2668,-113.802,61.05,82,40,3.44
513,Wattegama,LK,2021-07-22 06:47:46,6.7989,81.4808,90.52,39,100,10.63
514,Panama City,PA,2021-07-22 06:44:42,8.9936,-79.5197,84.06,86,75,2.3
515,Karratha,AU,2021-07-22 06:47:47,-20.7377,116.8463,85.82,31,18,12.68
516,Quatre Cocos,MU,2021-07-22 06:47:47,-20.2078,57.7625,75.09,70,89,18.28
517,Vostok,RU,2021-07-22 06:47:48,46.4856,135.8833,80.98,66,100,2.64
518,Kijang,KR,2021-07-22 06:47:48,35.2442,129.2139,91.13,78,100,16.44
519,Saint-Augustin,CA,2021-07-22 06:47:49,51.226,-58.6502,54.23,68,100,9.1
520,Oneonta,US,2021-07-22 06:44:10,42.4529,-75.0638,58.3,94,0,1.77
521,Miraflores,MX,2021-07-22 06:47:49,19.2167,-98.8083,57.81,92,100,0.38
522,Sulphur,US,2021-07-22 06:47:50,30.2366,-93.3774,76.98,95,1,0.0
523,Santa Juliana,PH,2021-07-22 06:47:50,15.3283,120.4286,77.14,96,100,4.74
524,Sault Sainte Marie,CA,2021-07-22 06:47:39,46.5168,-84.3333,57.76,81,1,0.0
525,Harper,LR,2021-07-22 06:47:51,4.375,-7.7169,76.17,83,84,8.41
526,Chongoyape,PE,2021-07-22 06:47:52,-6.6406,-79.3892,67.84,79,14,1.54
527,Mangai,CD,2021-07-22 06:47:52,-4.05,19.5333,81.68,27,86,3.24
528,Winnemucca,US,2021-07-22 06:47:52,40.973,-117.7357,74.1,18,1,11.5
529,Poltava,UA,2021-07-22 06:47:53,49.5937,34.5407,71.53,55,100,14.43
530,Tongliao,CN,2021-07-22 06:47:53,43.6125,122.2653,94.21,36,94,16.22
531,Sorrento,IT,2021-07-22 06:47:54,40.626,14.3744,84.25,48,0,0.0
532,Birin,NP,2021-07-22 06:47:54,26.8865,88.0718,75.16,69,90,4.29
533,Bolshaya Rechka,RU,2021-07-22 06:47:55,51.9503,104.7355,80.87,58,20,5.21
534,Kahului,US,2021-07-22 06:47:55,20.8947,-156.47,77.02,79,1,14.97
535,La Seyne-Sur-Mer,FR,2021-07-22 06:47:56,43.0982,5.8847,79.92,86,3,1.01
536,Mbarara,UG,2021-07-22 06:47:57,-0.608,30.65,76.17,35,9,9.78
537,Cavalcante,BR,2021-07-22 06:47:57,-13.7975,-47.4583,63.14,55,0,5.03
538,Fort Nelson,CA,2021-07-22 06:47:58,58.8053,-122.7002,56.79,94,90,4.61
539,Esmeralda,CU,2021-07-22 06:47:58,21.8525,-78.1169,78.04,93,3,6.04
540,Aykhal,RU,2021-07-22 06:47:59,66.0,111.5,68.81,54,22,7.38
541,Takoradi,GH,2021-07-22 06:47:59,4.8845,-1.7554,75.97,83,100,4.0
542,Penugonda,IN,2021-07-22 06:47:59,16.6667,81.7333,80.98,92,100,13.91
543,Leshukonskoye,RU,2021-07-22 06:48:00,64.8989,45.7622,57.09,52,100,7.96
544,Amga,RU,2021-07-22 06:48:00,60.8953,131.9608,82.13,31,16,9.86
545,Brokopondo,SR,2021-07-22 06:48:01,4.75,-55.1667,75.87,91,68,7.23
546,Guarapari,BR,2021-07-22 06:48:01,-20.6667,-40.4975,62.49,87,0,3.6
547,Romny,UA,2021-07-22 06:48:02,50.751,33.4747,69.03,60,17,14.97
548,Martinsburg,US,2021-07-22 06:48:02,39.4562,-77.9639,68.14,72,2,3.22
549,Kaeo,NZ,2021-07-22 06:48:03,-35.1,173.7833,55.33,89,100,4.88
550,Price,US,2021-07-22 06:44:42,39.5994,-110.8107,74.46,43,40,0.0
551,Madimba,TZ,2021-07-22 06:48:04,-10.4,40.3333,74.52,94,20,11.5
552,Zhigansk,RU,2021-07-22 06:48:04,66.7697,123.3711,70.86,41,100,5.44
553,Ryotsu,JP,2021-07-22 06:48:04,38.0833,138.4333,84.16,81,20,9.53
554,Sterling,US,2021-07-22 06:47:15,39.0062,-77.4286,70.97,88,40,0.0
555,Kismayo,SO,2021-07-22 06:48:05,-0.3582,42.5454,80.82,68,11,17.74
556,Coolum Beach,AU,2021-07-22 06:48:06,-26.5333,153.1,60.33,74,4,3.13
557,Tabuk,PH,2021-07-22 06:48:06,17.4189,121.4443,83.82,74,100,3.49
558,Nefteyugansk,RU,2021-07-22 06:48:07,61.0998,72.6035,71.85,47,100,10.45
559,Shelburne,CA,2021-07-22 06:48:07,44.0787,-80.2041,58.89,73,48,6.96
560,Beira,MZ,2021-07-22 06:48:08,-19.8436,34.8389,68.09,100,40,3.0
561,Hailar,CN,2021-07-22 06:48:08,49.2,119.7,83.73,60,100,8.01
562,Jaru,BR,2021-07-22 06:48:09,-10.4389,-62.4664,68.65,59,0,3.78
563,Buala,SB,2021-07-22 06:48:10,-8.145,159.5921,81.05,82,19,6.78
564,Vestmanna,FO,2021-07-22 06:48:10,62.1564,-7.1664,50.92,100,75,9.22
565,Dicabisagan,PH,2021-07-22 06:48:11,17.0818,122.4157,82.89,79,100,6.11
566,Navirai,BR,2021-07-22 06:48:11,-23.065,-54.1906,53.11,43,0,4.34
567,Cristalina,BR,2021-07-22 06:48:12,-16.7686,-47.6136,57.61,63,0,5.26
568,Mushie,CD,2021-07-22 06:48:12,-3.0167,16.9,81.3,38,53,5.12
569,Xinmin,CN,2021-07-22 06:48:13,41.9908,122.8253,90.28,58,100,6.93
570,Catamarca,AR,2021-07-22 06:48:13,-28.4696,-65.7852,60.58,51,100,1.99
571,Jablanica,BA,2021-07-22 06:48:14,43.6603,17.7617,73.53,49,0,6.85
572,Salinas,US,2021-07-22 06:45:24,36.6777,-121.6555,62.65,82,75,8.05
573,Roebourne,AU,2021-07-22 06:48:15,-20.7833,117.1333,86.56,30,49,9.44
574,Anjar,IN,2021-07-22 06:48:15,23.1333,70.0167,87.53,66,100,17.4
